1945,A turma do Pangaré - Q. C. - Base MDF - 8 pc - PVC enc.,13.01,10%,14.31,438
105710,Abaco aberto 50 argolas de MDF - PVC enc.,37.54,10%,41.29,526
1909,Abaco aberto 50 argolas de plástico - PVC enc.,19.85,10%,21.84,446
1930,Abaco aberto 50 argolas TRANSLÚCIDAS - PVC enc.,18.96,10%,20.86,114
107010,Abaco aluno 40 argolas de MDF - PVC enc.,42.69,10%,46.96,332
1910,Abaco aluno 40 argolas de plástico - PVC enc.,20.20,10%,22.22,731
1931,Abaco aluno 40 argolas TRANSLÚCIDAS - PVC enc.,19.27,10%,21.20,583
250,Alf bingo de letras - EVA - 196 pç - Emb. plást.,47.55,10%,52.31,781
357,Alf c/ obj relacionados a escrita -EVA -52 pç -Emb. c/ zíper,110.34,10%,121.37,223
356,Alf de letras gigantes - EVA - 36 pç - Emb. c/ zíper,94.82,10%,104.30,405
1198,Alf divertido - MDF - 60 pç - Cx. mad.,31.13,10%,34.24,504
195,Alf Ilust de parede - EVA - 55 pç - PVC enc.,142.62,10%,156.88,536
226,Alf ilust EVA - 72 pç - Emb. plást.,18.50,10%,20.35,147
1061,Alf ilustrado - MDF - 75 pç - Cx. mad.,48.41,10%,53.25,203
1204,Alf mov degrau - MDF - 130 pç - PVC enc.,76.13,10%,83.74,741
1365,Alf mov degrau cursivo - MDF - 130 pç - PVC enc.,76.13,10%,83.74,468
10,Alf movel - EVA - 46 pecas - Emb. pote,16.52,10%,18.17,90
86,Alf movel 10mm - EVA - 36 pç - Emb. c/ zíper,37.08,10%,40.79,606
1077,Alf na madeira - MDF - 26 pç - Cx. mad.,20.72,10%,22.79,127
3016,Alf na madeira MDF - 26 pc - Cx papel,17.64,10%,19.40,615
102,Alf prancha - EVA - Emb. plást.,8.96,10%,9.86,435
1360,Alf recortado maiusculo - MDF - 36 pç - Cx. MDF,80.85,10%,88.94,89
1378,Alf recortado minusculo - MDF - 36 pç - Cx. mad.,43.85,10%,48.24,224
1361,Alf recortado pequeno - MDF - 36 pç - Cx. mad.,47.70,10%,52.47,675
3017,Alf recortado pequeno MDF - 36 pc - Cx papel,36.00,10%,39.60,251
1120,Alf silábico 150 pecas - MDF - Cx. mad.,28.43,10%,31.27,118
3018,Alf silabico 150 pecas - MDF - Cx. Papel,19.75,10%,21.73,443
1367,Alf silábico 350 pç - MDF - Cx. mad.,53.44,10%,58.78,736
70,Alf silábico EVA - 400 pecas - Emb. plástica,35.27,10%,38.80,294
7010,Alf silábico EVA 150 pç - Emb. plást.,17.64,10%,19.40,128
229,Alf sup prancha - EVA - 72 pç - PVC enc.,21.96,10%,24.16,647
1827,Alf vamos formar palav NO PACOTE - MDF - 60 pç - Emb. plást.,14.75,10%,16.23,230
1211,Alf vamos formar palavras - MDF - 60 pç - Cx. mad.,24.95,10%,27.45,265
178,Alfabetario - EVA - 300 pç - Cx. mad.,164.96,10%,181.46,669
1809,Alfabeto 2 jogos EVA 52pç - Cx papel,29.37,10%,32.31,700
1774,Alfabeto bimovel - MDF - 128 pçs - Cx. madeira,36.28,10%,39.91,374
1810,Alfabeto e vogais EVA 108 pç - Cx papel,17.64,10%,19.40,578
372,Alfabeto no Pote - EVA - 98 Pç,40.10,10%,44.11,228
2998,Alfabeto Silabário complexo - Emb. plástico bolha,119.84,10%,131.82,537
2999,Alfabeto silabário simples - Emb. plástico bolha,119.84,10%,131.82,287
352,Alfanumerico EVA - 1.000 pç no TNT,183.51,10%,201.86,319
353,Alfanumerico EVA - 500 pç no TNT,98.93,10%,108.82,154
1811,Alfanumérico EVA 400 pç - Cx papel,21.93,10%,24.12,557
360,Alfanumerico gigante EVA 6mm - 56 pç - Emb. c/ zíper,101.18,10%,111.30,422
1489,Alfanumerico recortado - MDF - 46 pç - Cx. mad.,62.01,10%,68.21,272
1063,Alinhavos animais - MDF - 10 pç e 10 cad. - Cx. mad.,56.62,10%,62.28,795
1812,Alinhavos bichinhos na árvore,57.05,10%,62.76,701
1641,Alinhavos bota - MDF - 2 pç e 2 cad. - Cx. papel,51.41,10%,56.55,440
1510,Alinhavos formas geometricas - MDF - 12 pç - Cx. mad.,91.50,10%,100.65,766
1065,Alinhavos frutas e legum. - MDF - 10 pç e 10 cad. - Cx. mad.,56.62,10%,62.28,700
1058,Alinhavos iniciacao - MDF - 10 pç e 10 cad. - Cx. mad.,56.62,10%,62.28,523
1064,Alinhavos meios de transp. - MDF - 10 pç e 10 cad.- Cx. mad.,56.62,10%,62.28,486
1123,Alinhavos numerais - MDF - 10 pç e 10 cad. - Emb. plást.,30.06,10%,33.07,64
3019,Alinhavos numerais - MDF - 10 pc e 10 cad.- Cx. Papel,30.06,10%,33.07,356
1088,Alinhavos sortidos - MDF - 10 pç e 10 cad. - Cx. mad.,56.62,10%,62.28,656
3021,Alinhavos sortidos - MDF - 5 pc e 5 cad. - Cx. Papel,18.86,10%,20.75,183
1640,Alinhavos tênis - MDF - 2 pç e 2 cad. - Cx. papel,48.37,10%,53.21,378
1122,Alinhavos vogais - MDF - 5 pç e 5 cad. - Emb. plást.,17.05,10%,18.76,682
3020,Alinhavos vogais - MDF - 5 pc e 5 cad.- Cx. Papel,17.05,10%,18.76,461
1927,Aramado - mesa de coordenação,376.98,10%,414.68,94
1921,Aramado acrobático,25.89,10%,28.48,495
1929,Aramado borboleta,57.95,10%,63.75,55
1928,Aramado carrinho,49.54,10%,54.49,740
1938,Aramado casinha ,157.09,10%,172.80,100
1920,Aramado entrelaçado,50.82,10%,55.90,672
1919,Aramado espiral,33.92,10%,37.31,241
1918,Aramado montanha russa,72.00,10%,79.20,774
1917,Aramado Ondular,28.50,10%,31.35,213
1916,Aramado triangular,36.76,10%,40.44,282
1895,Armário metrico - Pesos e medidas - MDF - Cx. papelao,680.00,10%,748.00,735
1813,Arquitetando ideias - MDF - Cx papel,101.12,10%,111.23,754
1753,Avião de madeira - 17 peças,67.45,10%,74.20,393
1578,Balanca Carlu - MDF - PVC enc.,57.82,10%,63.60,624
137,Balanca de madeira - PVC enc.,21.20,10%,23.32,494
1652,Balancinho Centopeia - Mad. - 31 pç - Cx. papel,70.73,10%,77.80,563
1893,Balancinho elefante - MDF - Cx. papel,29.09,10%,32.00,107
109310,Bambole colorido - 60 cm diametro,7.84,10%,8.62,618
1619,Bambolê com guizos - 60 cm diametro,16.34,10%,17.97,305
1615,Baralho do mico com aroma de banana - 44 cartas - Cx. papel,18.02,10%,19.82,383
351,Baralho para classificacao - EVA - 50 pç - Emb. plást.,35.70,10%,39.27,534
1614,Baralho pingo no i - 110 cartas - Cx. papel,38.16,10%,41.98,778
1109,Barras e medidas - MDF - 110 pç - Cx. mad.,28.72,10%,31.59,83
1635,Bastões com suporte - Mad. e MDF - 7 pç - Emb plástico bolha,154.57,10%,170.03,743
1086,Bate martelo - Madeira - 5 pç - PVC enc.,23.42,10%,25.76,595
1511,Bate-martelo e alinhavos gorila - MDF - 26 pç - Cx. papel,107.06,10%,117.77,381
1091,Blocos logicos - MDF - 48 pç - Cx. mad.,38.08,10%,41.89,764
3022,Blocos logicos - MDF - 48 pc - Cx. Papel,25.50,10%,28.05,111
336,Blocos logicos EVA - 48 pç - Emb. plást.,19.04,10%,20.94,280
1097,Blocos logicos gigantes - MDF - 48 pç - Cx. mad.,101.18,10%,111.30,673
1838,Bola de gude - Pacote com 2kg,26.29,10%,28.92,419
1837,Bola lisa de borracha com válvula número 12,40.28,10%,44.31,783
1836,Borboleta do alfabeto - MDF 26 pç - Emb. PVC,26.50,10%,29.15,105
1775,Braille - Hora Braille 30x30 - MDF - PVC enc.,14.45,10%,15.90,441
362,Braille - labirinto passo a passo -EVA -60 pç -Emb. c/ zíper,232.72,10%,255.99,647
389,Braille - loto leitura ampliado - EVA - 126 pç - Emb. plást.,81.91,10%,90.10,756
1606,Braille - Q. C. alfa-vida - MDF - 26 pç - PVC enc.,86.01,10%,94.61,191
63,Braille alf colado EVA - 26 pç - Emb. plást.,20.50,10%,22.55,726
68,Braille alf vazado - EVA - 81 pç - Emb. plást.,20.54,10%,22.59,363
1391,Braille alf vazado - MDF - 81 pç - Cx. mad.,62.64,10%,68.90,438
1607,Braille bingo - MDF - 60 pç - Cx. mad.,111.17,10%,122.29,188
1608,Braille dominó - MDF - 28 pç - Cx. mad.,56.53,10%,62.18,129
1611,Braille dominó de texturas - MDF - 28 pç - Cx. mad.,35.90,10%,39.49,695
1609,Braille jogo de associação numérica - MDF - 100 pç- Cx. mad.,186.80,10%,205.48,713
1610,Braille memória testando a sensibilidade -MDF-20 pç-Cx. mad.,95.35,10%,104.89,773
64,Braille sist avulso - EVA - 54 pç - Emb. plást.,49.86,10%,54.85,370
65,Braille sist quadro - EVA - 54 pç - Emb. plást.,95.06,10%,104.57,330
1390,Braille sist recortado - MDF - 54 pç - Cx. mad.,140.94,10%,155.03,757
1557,Brincando de vender - Banca do feirante - MDF - Cx. papelão,530.00,10%,583.00,544
1558,Brincando de vender -Mercearia do bairro - MDF - Cx. papelão,"1,348.32",10%,1483.15,673
1371,Brinquedoteca básica - 21 itens - Caixas de papelão,"1,112.76",10%,1224.04,364
1177,Brinquedoteca master - 34 itens - Caixas de papelão,"2,625.61",10%,2888.17,671
1561,Cabid. com divisorias - MDF - 8 pç - Cx. papelão,126.78,10%,139.46,264
1559,Cabid. menina castelo - MDF - Cx. papelão,112.17,10%,123.39,208
1560,Cabid. menino castelo - MDF - Cx. papelão,112.17,10%,123.39,698
1594,Cabideiro bichinhos do mar - MDF - 5 pç - Cx. papelão,117.90,10%,129.69,362
1595,Cabideiro florzinhas - MDF - 5 pç - Cx. papelão,117.90,10%,129.69,574
1206,Cabideiro legal - MDF - Cx. papelão,35.62,10%,39.18,546
1740,Cadeira de ferro avulsa - Cx. papelão,80.26,10%,88.29,592
1618,Cadeirinha de rodas p/ boneca - MDF - PVC enc.,66.74,10%,73.41,240
1082,Caixas coloridas - MDF - 5 pç - PVC enc.,20.24,10%,22.26,318
1060,Calendario relogio - MDF - 58 pç - PVC enc.,60.26,10%,66.29,357
1048,Cantinho da leitura - MDF - Cx. papelão,125.84,10%,138.42,614
1857,Cantinho da leitura gigante,371.00,10%,408.10,410
1069,Cantinho dois em um - MDF - Cx. papelão,288.32,10%,317.15,653
2055,Carimbo ABC ilustrado - Mad. - 27 pç - Cx. papel,103.20,10%,113.52,158
2068,Carimbo alf em ingles - Mad. - 26 pç - Cx. papel,100.17,10%,110.19,590
2062,Carimbo alf em libras - Mad. - 26 pç - Cx. papel,100.17,10%,110.19,402
2075,Carimbo alf ilustrado - Mad. - 26 pç - Cx. papel,100.17,10%,110.19,462
2052,Carimbo alf maiusculo letra cursiva - Mad. -26 pç- Cx. papel,100.17,10%,110.19,116
2022,Carimbo alf minusculo letra cursiva - Mad. -28 pç- Cx. papel,107.70,10%,118.47,466
2071,Carimbo alf minusculo letra de forma - Mad.-26 pc -Cx. papel,100.17,10%,110.19,349
2078,Carimbo alf silábico (1) - Mad. - 20 pç - Cx. papel,77.14,10%,84.85,254
2085,Carimbo alf silábico (2) - Mad. - 20 pç - Cx. papel,77.14,10%,84.85,455
2086,Carimbo alf silábico (3) - Mad. - 24 pç - Cx. papel,92.30,10%,101.53,671
2087,Carimbo alf silábico (4) - Mad. - 20 pç - Cx. papel,77.14,10%,84.85,337
2088,Carimbo alf silábico (5) - Mad. - 24 pç - Cx. papel,92.30,10%,101.53,708
2057,Carimbo animais domesticos - Mad. - 12 pç - Cx. papel,51.63,10%,56.79,516
2034,Carimbo animais humanizados - Mad. - 18 pç - Cx. papel,73.43,10%,80.77,238
2044,Carimbo animais selvagens - Mad. - 12 pç - Cx. papel,51.63,10%,56.79,521
2007,Carimbo auto ditado I - Mad. - 36 pç - Cx. papel,145.90,10%,160.49,737
2072,Carimbo auto ditado II - Mad. - 90 pç - Cx. papel,209.94,10%,230.93,474
2076,Carimbo avaliacao e conceito - Mad. - 12 pç - Cx. papel,51.63,10%,56.79,784
2029,Carimbo avaliacao e recado - Mad. - 24 pç - Cx. papel,92.30,10%,101.53,663
2089,Carimbo avaliacao e recado II - Mad. - 10 pç - Cx. papel,42.64,10%,46.90,342
2060,Carimbo bons habitos - Mad. - 12 pç - Cx. papel,51.63,10%,56.79,249
2003,Carimbo brincando com a matematica - Mad.- 18 pç - Cx. papel,73.43,10%,80.77,378
2037,Carimbo cedulas e moedas do real - Mad. - 13 pç -Cx. papel,57.25,10%,62.98,76
2083,Carimbo coleta seletiva - Mad. - 21 pç - Cx. papel,85.00,10%,93.50,569
2035,Carimbo comunicados - Mad. - 10 pç - Cx. papel,42.64,10%,46.90,573
2016,Carimbo conhecendo os algarismos - Mad. - 10 pç - Cx. papel,42.64,10%,46.90,377
2024,Carimbo coordenacao motora - Mad. - 10 pç - Cx. papel,42.64,10%,46.90,522
2067,Carimbo coordenacao motora de numeros - Mad -10 pç-Cx. papel,42.64,10%,46.90,626
2066,Carimbo coordenacao motora do alfabeto -Mad- 26 pç-Cx. papel,100.17,10%,110.19,421
2051,Carimbo digrafos e encontros de consoantes-Mad-48pç-Cx.papel,150.85,10%,165.94,790
1493,Carimbo ecoteca - Mad. - 10 pç - Cx. papel,51.63,10%,56.79,651
2090,Carimbo edu alimentar (mod. refeicoes interativo) - 42 pç,161.63,10%,177.79,167
2091,Carimbo estacoes do ano interativo - Mad. - 28 pç - Cx. pap,107.70,10%,118.47,228
2002,Carimbo folclore - Mad. - 20 pç - Cx. papel,77.14,10%,84.85,138
2079,Carimbo formando frases - Mad. - 10 pç - Cx. papel,42.64,10%,46.90,167
2082,Carimbo formando frases educacao ambiental-Mad-12pç-Cx.papel,51.63,10%,56.79,556
2056,Carimbo fracoes - Mad. - 12 pç - Cx. papel,51.63,10%,56.79,732
2038,Carimbo frutas - Mad. - 12 pç - Cx. papel,51.63,10%,56.79,442
2030,Carimbo geografia e mapas - Mad. - 27 pç - Cx. papel,103.20,10%,113.52,128
2011,Carimbo higiene e limpeza - Mad. - 10 pç - Cx. papel,42.64,10%,46.90,742
2008,Carimbo maiusculo letra de forma - Mad. - 28 pç -Cx. papel,107.70,10%,118.47,507
2043,Carimbo matematica - Mad. - 45 pç - Cx. papel,141.57,10%,155.73,353
2017,Carimbo material dourado - Mad. - 12 pç - Cx. papel,51.63,10%,56.79,621
2073,Carimbo meios de comunicacao - Mad. - 12 pç - Cx. papel,51.63,10%,56.79,561
2039,Carimbo meios de transporte - Mad. - 12 pç - Cx. papel,51.63,10%,56.79,678
2012,Carimbo numerais e suas quantidades - Mad. -10 pç- Cx. papel,42.64,10%,46.90,341
2023,Carimbo numere e escreva - Mad. - 12 pç - Cx. papel,51.63,10%,56.79,65
2061,Carimbo numeros em ingles - Mad. - 10 pç - Cx. papel,42.64,10%,46.90,461
2059,Carimbo numeros em libras - Mad. - 10 pç - Cx. papel,42.64,10%,46.90,479
2019,Carimbo numeros ilustrados - Mad. - 12 pç - Cx. papel,51.63,10%,56.79,562
2031,Carimbo pedagogicos de matematica - Mad. - 42 pç - Cx. papel,160.62,10%,176.68,410
2036,Carimbo praticas educativa do transito -Mad.-24pç- Cx. papel,92.30,10%,101.53,641
2050,Carimbo producao de texto I - Mad. - 12 pç - Cx. papel,51.63,10%,56.79,739
2084,Carimbo producao de texto meio ambiente -Mad-12 pç-Cx. papel,51.63,10%,56.79,718
2001,Carimbo psico avaliacao - Mad. - 12 pç - Cx. papel,51.63,10%,56.79,242
2006,Carimbo psico avaliacao coracao - Mad. - 10 pç - Cx. papel,42.64,10%,46.90,449
2025,Carimbo psico avaliacao coruja - Mad. - 12 pç - Cx. papel,51.63,10%,56.79,300
2026,Carimbo psico avaliacao expressoes faciais-Mad-10 pç-Cxpapel,42.64,10%,46.90,138
2053,Carimbo psico avaliacao hipopotamo - Mad. -10 pç - Cx. papel,42.64,10%,46.90,104
2074,Carimbo psico avaliacao II - Mad. - 10 pç - Cx. papel,42.64,10%,46.90,703
2005,Carimbo psico avaliacao lampada - Mad. - 10 pç - Cx. papel,42.64,10%,46.90,264
2020,Carimbo psico avaliacao livro - Mad. - 10 pç - Cx. papel,42.64,10%,46.90,57
2010,Carimbo psico avaliacao ternura - Mad. - 12 pç - Cx. papel,51.63,10%,56.79,521
2070,Carimbo psico avaliacao tio sam ingles -Mad-10 pç- Cx. papel,42.64,10%,46.90,305
2004,Carimbo psico avaliacao tutti - frutti -Mad.-10 pç- Cx.papel,42.64,10%,46.90,617
2058,Carimbo psico comunicacao - Mad. - 12 pç - Cx. papel,51.63,10%,56.79,329
2048,Carimbo redacao Seq logica - Mad. - 20 pç - Cx. papel,77.14,10%,84.85,772
2015,Carimbo tabuada - Mad. - 10 pç - Cx. papel,42.64,10%,46.90,485
1527,Carrinho de atividades - MDF - 5 atividades - Cx. papelão,275.55,10%,303.11,169
350,Cartas p/ ditado em EVA - 40 pç - Emb. plást.,26.88,10%,29.57,721
1160,Casinha azul - MDF - 40 pç - Cx. papelão,432.35,10%,475.59,361
1564,Casinha branca com moveis coloridos -MDF-13 pç - Cx. papelão,528.94,10%,581.83,527
1858,Casinha colorida,148.40,10%,163.24,130
1636,Casinha de atividades - MDF - 4 atividades - Cx. papel,195.31,10%,214.84,257
1196,Casinha encantada - Maleta MDF,120.05,10%,132.06,690
1530,Casinha rosa - MDF - 39 pç - Cx. papel,284.53,10%,312.98,440
1150,Casinha vermelha - MDF - 42 pç - Cx. papelão,497.86,10%,547.65,753
1175,Castelo da leitura - MDF - Cx. papelão,278.65,10%,306.52,622
1223,Cavalinho - Madeira e MDF - Plást. bolha,16.63,10%,18.29,796
1746,Cavalinho de balanço - Madeira - 9 peças,102.05,10%,112.26,162
1014,Chamadinha - MDF - Cx. papelão,98.11,10%,107.92,106
1496,Chave motora - MDF - 11 pç - Cx. papel,67.26,10%,73.99,561
1826,Chinelão duplo - Madeira - 1 par - Emb. PVC Stretch,53.00,10%,58.30,86
32,Conhecendo o corpo humano - EVA - 2 bases Emb. plást.,20.53,10%,22.58,588
1229,Conj Mobiliario com 25 pç - MDF - PVC enc.,190.80,10%,209.88,141
9086,Conjunto de expositores para fantoches gigantes - MDF,150.00,10%,165.00,111
1678,Construindo piramides - MDF - 5 pç - PVC enc.,32.76,10%,36.04,352
1487,Corrida da coleta selet. - 154pç- Maleta MDF - Cx. papelão,774.19,10%,851.61,690
1172,Corrida fixa - MDF - PVC enc.,37.54,10%,41.29,51
1911,Creches - Armário para cozinha - MDF - Cx. Papelão,422.00,10%,464.20,795
1735,Creches - Fogão - MDF - Cx. papelão,201.40,10%,221.54,592
1734,Creches - Geladeira - MDF - Cx. papelão,347.68,10%,382.45,600
1912,Creches - Kit cozinha 4 itens - MDF - Cx. Papelão,"1,236.50",10%,1360.15,543
1736,Creches - Pia - MDF - Cx. papelão,316.94,10%,348.63,148
84,Cubo de atividades - EVA - 12 pç - Emb. plást.,93.98,10%,103.38,579
85,Cubo tatil - EVA - 22 pç - PVC enc.,46.55,10%,51.21,326
1834,Dama chinesa/Resta um MDF - 92 peças - Emb. PVC,13.01,10%,14.31,447
1525,Dedoche animais domesticos - Feltro - 10 pers. - Emb. plást.,33.13,10%,36.44,129
1526,Dedoche animais selvagens - Feltro - 10 pers. - Emb. plást.,33.13,10%,36.44,554
1532,Dedoche contos e estorias infantis-Feltro 28 pers.-Emb.plást,94.29,10%,103.72,740
1565,Dedoche da alfabetização - Feltro - 36 pers. - Emb. c/ zíper,112.31,10%,123.54,430
1566,Dedoche da matematica - Feltro - 50 pers. - Emb. c/ zíper,151.10,10%,166.21,285
1523,Dedoche familia branca - Feltro - 6 pers. - Emb. plást.,20.09,10%,22.10,297
1524,Dedoche familia negra - Feltro - 6 pers. - Emb. plást.,20.09,10%,22.10,642
1646,Dedoche frutas - Feltro - 7 pers. - Emb. plást.,23.27,10%,25.60,149
1647,Dedoche legumes - Feltro - 7 pers. - Emb. plást.,23.27,10%,25.60,607
1648,Dedoche natureza - Feltro - 7 pers. - Emb. plást.,23.27,10%,25.60,301
1782,Discriminação auditiva com treino da escrita - MDF - 78 pç,53.92,10%,59.31,542
1777,Discriminação auditiva e treino articulatório -MDF -10 bases,183.72,10%,202.09,475
1778,Ditado mudo silábico - MDF - 95 peças - Cx. madeira,55.75,10%,61.33,676
1136,Domino 0 a 9 - MDF - 56 pç - Cx. mad.,23.37,10%,25.71,615
1515,Domino 4 operacoes - MDF - 28 pç - Cx. mad.,11.69,10%,12.86,304
3000,Dominó 4 operações - MDF - 28 pç - Cx. papel,8.48,10%,9.33,233
1180,Domino A a Z - MDF - 28 pç - Cx. mad.,11.69,10%,12.86,376
1234,Domino abstracao das partes - MDF - 28 pç - Cx. mad.,11.69,10%,12.86,96
1018,Domino adicao - MDF - 28 pç - Cx. mad.,11.69,10%,12.86,499
1178,Domino adicao com figuras - MDF - 28 pç - Cx. mad.,11.69,10%,12.86,221
1831,Domino adição NO PACOTE - MDF - 28 pç - Emb. plást.,9.45,10%,10.40,496
1030,Domino alfabetizacao - MDF - 28 pç - Cx. mad.,11.69,10%,12.86,195
1591,Domino alimentacao saudavel - MDF - 28 pç - Cx. mad.,11.69,10%,12.86,452
1185,Domino animais - MDF - 28 pç - Cx. mad.,11.69,10%,12.86,733
3001,Dominó animais - MDF - 28 pç - Cx. papel,8.48,10%,9.33,519
1514,Domino animais do zoo - MDF - 28 pç - Cx. mad.,11.69,10%,12.86,756
1491,Domino animais domesticos - MDF - 28 pç - Cx. mad.,11.69,10%,12.86,236
3002,Dominó animais domésticos - MDF - 28 pç - Cx. papel,8.48,10%,9.33,194
1492,Domino animais selv. da fauna brasileira -MDF -28pç-Cx. mad.,11.69,10%,12.86,382
1033,Domino antonimos - MDF - 28 pç - Cx. mad.,11.69,10%,12.86,196
1471,Domino associacao de formas geom. - MDF - 28 pç - Cx. mad.,11.69,10%,12.86,653
1179,Domino associacao de ideias - MDF - 28 pç - Cx. mad.,11.69,10%,12.86,202
3003,Dominó associação de ideias - MDF - 28 pç - Cx. papel,8.48,10%,9.33,525
1427,Domino coletivos - MDF - 28 pç - Cx. mad.,11.69,10%,12.86,560
1032,Domino completando a historia - MDF - 28 pç - Cx. mad.,11.69,10%,12.86,341
1012,Domino cores - MDF - 28 pç - Cx. mad.,11.69,10%,12.86,313
1017,Domino correspondencia - MDF - 28 pç - Cx. mad.,11.69,10%,12.86,131
1035,Domino divisao - MDF - 28 pç - Cx. mad.,11.69,10%,12.86,231
1026,Domino divisao silabica - MDF - 28 pç - Cx. mad.,11.69,10%,12.86,567
1027,Domino encontrando a sombra - MDF - 28 pç - Cx. mad.,11.69,10%,12.86,686
1181,Domino figuras e frutas - MDF - 28 pç - Cx. mad.,11.69,10%,12.86,408
3004,Dominó figuras e frutas - MDF - 28 pç - Cx. papel,8.48,10%,9.33,284
1226,Domino figuras e palavras - MDF - 28 pç - Cx. mad.,11.69,10%,12.86,196
1025,Domino formas geometricas - MDF - 28 pç - Cx. mad.,11.69,10%,12.86,662
1029,Domino fracoes - MDF - 28 pç - Cx. mad.,11.69,10%,12.86,398
1832,Domino frações NO PACOTE - MDF - 28 pç - Emb. plást.,9.45,10%,10.40,667
1442,Domino frases - MDF - 28 pç - Cx. mad.,11.69,10%,12.86,141
1828,Domino frases NO PACOTE - MDF - 28 pç - Emb. plást.,9.45,10%,10.40,615
1000,Domino horas - MDF - 28 pç - Cx. mad.,11.69,10%,12.86,642
1134,Domino kit alfabetizacao - MDF - 8 jogos sortidos - PVC enc.,89.55,10%,98.51,623
1135,Domino kit matematica - MDF - 8 jogos sortidos - PVC enc.,89.55,10%,98.51,100
1423,Domino meios de transporte - MDF - 28 pç - Cx. mad.,11.69,10%,12.86,390
1133,Domino metades - MDF - 28 pç - Cx. mad.,11.69,10%,12.86,772
1850,Dominó meus brinquedos - MDF - 28 pç - Cx. mad.,11.69,10%,12.86,465
1028,Domino multiplicacao - MDF - 28 pç - Cx. mad.,11.69,10%,12.86,342
1763,Domino nascimento de Jesus - MDF - 28 peças - Cx. madeira,11.69,10%,12.86,366
1031,Domino numerais e quantidades - MDF - 28 pç - Cx. mad.,11.69,10%,12.86,277
1384,Domino objetos - MDF - 28 pç - Cx. mad.,11.69,10%,12.86,448
1722,Dominó percepção tátil - Relevo - MDF - 28 pç - Cx. mad.,88.85,10%,97.74,405
1721,Dominó percepção tátil - Vazado - MDF - 28 pç - Cx. mad.,82.15,10%,90.37,402
1019,Domino subtracao - MDF - 28 pç - Cx. mad.,11.69,10%,12.86,326
1227,Domino tabuada - MDF - 28 pç - Cx. mad.,11.69,10%,12.86,271
1021,Domino tamanhos - MDF - 28 pç - Cx. mad.,11.69,10%,12.86,615
1034,Domino tradicional - MDF - 28 pç - Cx. mad.,11.69,10%,12.86,376
1009,Domino transito - MDF - 28 pç - Cx. mad.,11.69,10%,12.86,547
1481,Ecoteca - 23 jogos - 2 maletas MDF - Cx. papelão,"1,838.62",10%,2022.48,795
1853,Empurre e estimule o carrinho emb. Com 3 unidades,88.65,10%,97.52,334
1854,Empurre e estimule o gira-gira emb. Com 3 unidades,55.41,10%,60.95,733
1855,Empurre e estimule o patinho emb. Com 3 unidades,88.65,10%,97.52,154
1168,Equilibrando 2x2 - MDF - 4 bolinhas - PVC enc.,104.57,10%,115.03,326
1085,Escala cuisenaire - Madeira - 294 pç - Cx. mad.,45.77,10%,50.35,711
108510,Escala cuisenaire individual - Mad. - 68 pç - Cx. mad.,17.30,10%,19.03,407
1528,Escola ideal - MDF - 18 pç - Cx. papelão,313.43,10%,344.77,457
1090,Esquema corporal - MDF - 20 pç - PVC enc.,33.25,10%,36.58,159
1776,Exercitando escrevendo e lendo - MDF - 111 peças - Cx. made.,64.15,10%,70.57,84
1852,Expositor coleção evangelize brincando (sem livrinhos),151.44,10%,166.58,150
1541,Expositor de dedoches - MDF - PVC enc.,123.86,10%,136.25,114
1673,Expositor de dedoches - mini - MDF - 18 pç - PVC enc.,23.96,10%,26.36,265
1729,Família terapêutica - prof. c/ caracterização -MDF- 10 pers.,230.27,10%,253.30,439
1062,Familia terapeutica branca - MDF - 7 pers. - Cx. mad.,109.38,10%,120.32,498
1531,Familia terapeutica inclusao social - MDF -10 pers.- Cx. MDF,156.33,10%,171.96,276
1162,Familia terapeutica negra - MDF - 7 pers. - Cx. mad.,114.44,10%,125.88,613
1730,Fant gigantes fam bca - 7 pers- Emb zíper - Tecido especial,556.50,10%,612.15,236
1731,Fant gigantes fam negra - 7 pers- Emb zíper- Tecido especial,556.50,10%,612.15,506
1437,Fantoches 3 porquinhos - Feltro - 4 pers. - Emb. plást.,47.70,10%,52.47,165
1218,Fantoches animais domesticos - Feltro - 7 pers. - Emb. plást,95.40,10%,104.94,542
1217,Fantoches animais selvagens - Feltro - 7 pers. - Emb. plást.,95.40,10%,104.94,115
1529,Fantoches animais sortidos - Feltro - 7 pers. - Emb. plást.,95.40,10%,104.94,564
1454,Fantoches chapeuzinho vermelho - Feltro -4 pers.-Emb. plást.,47.70,10%,52.47,557
1576,Fantoches coleta seletiva - Feltro - 4 pers. - Emb. plást.,47.70,10%,52.47,189
1767,Fantoches comb. a dengue -SEM EXPOSITOR- 6 pers.-Emb. plást.,118.67,10%,130.54,216
1569,Fantoches da alfabetizacao - Feltro -26 pers. -Emb. c/ zíper,327.54,10%,360.29,497
1570,Fantoches da matematica - Feltro - 25 pers. - Emb. c/ zíper,312.70,10%,343.97,391
1605,Fantoches de numerais - Feltro - 10 pers. - Emb. c/ zíper,125.99,10%,138.59,126
1571,Fantoches de seguranca publica - Feltro - 13 per. - Emb. zíp,180.15,10%,198.17,139
1556,Fantoches de trânsito - Feltro - 15 pers. - Emb. plást.,163.77,10%,180.15,296
1213,Fantoches familia branca - Feltro - 7 pers. - Emb. plást.,95.40,10%,104.94,234
1518,Fantoches familia dentaria - Feltro - 6 pers. - Emb. plást.,63.60,10%,69.96,436
1668,Fantoches familia indigena - Feltro - 7 pers. - Emb. plast.,84.27,10%,92.70,715
1214,Fantoches familia negra - Feltro - 7 pers. - Emb. plást.,95.40,10%,104.94,484
1669,Fantoches familia oriental - Feltro - 7 pers. - Emb. plast.,84.27,10%,92.70,736
1540,Fantoches folclore brasileiro - Feltro -7 pers.- Emb. plást.,81.89,10%,90.08,363
1215,Fantoches frutas - Feltro - 7 pers. - Emb. plást.,79.50,10%,87.45,585
1436,Fantoches higiene bucal - Feltro - 4 pers. - Emb. plást.,47.70,10%,52.47,471
1547,Fantoches inclusão social - Feltro - 7 pers. - Emb. plást.,92.75,10%,102.03,538
1271,Fantoches legumes - Feltro - 7 pers. - Emb. plást.,79.50,10%,87.45,455
1538,Fantoches lenda da vitoria regia -Feltro-4 pers.-Emb. plást.,47.70,10%,52.47,154
1539,Fantoches lenda do boto cor-de-rosa-Feltro-4 pers.-Emb.plást,47.70,10%,52.47,414
1216,Fantoches natureza - Feltro - 7 pers. - Emb. plást.,79.50,10%,87.45,143
1357,Fantoches profissoes - Feltro - 7 pers. - Emb. plást.,79.50,10%,87.45,263
1577,Fantoches vogais - Feltro - 10 pers. - Emb. c/ zíper,127.74,10%,140.51,377
1815,Fazendinha do vovo - MDF - 29 pc - Cx. papel,59.74,10%,65.71,175
1110,Fazendo calculos - MDF - 42 pç - Cx. mad.,16.38,10%,18.02,661
1372,Fracoes - circulos de fracoes - MDF - 55 pç - Cx. mad.,44.62,10%,49.08,695
3024,Fracoes - circulos de fracoes - MDF - 55 pc - Cx. Papel,27.95,10%,30.75,268
1572,Fracoes - sequencia de fracoes - MDF - 55 pç - PVC enc.,46.11,10%,50.72,100
1533,Fracoes na vertical - MDF - 46 pç - PVC enc.,351.73,10%,386.90,274
1552,Fracoes nas frutas - Base MDF - 22 pç - PVC enc.,25.54,10%,28.09,223
177,Fracoes no pote - EVA - 78 pç,10.98,10%,12.08,315
1203,Futebol de botao - MDF - Cx. papelão,43.36,10%,47.70,437
1132,Futebol de pinos - MDF c/ 2 pazinhas - PVC enc.,38.55,10%,42.41,536
9801,Geoplano 56 pinos com cadarços - Mad. - PVC enc.,30.84,10%,33.92,201
1512,Jogo - Batalha de fortalezas - MDF - 234 pç - Cx. papel,183.09,10%,201.40,732
1894,Jogo - mesa maluca - Cx de papel,104.55,10%,115.01,796
1485,Jogo - Para onde vai o nosso lixo? - MDF - 9 pç - Cx. MDF,67.45,10%,74.20,364
1486,Jogo - Um dia cuidando do meio ambiente - MDF -9 pç- Cx. MDF,67.45,10%,74.20,593
1067,Jogo 3 em 1 - MDF - 35 pc - Cx. mad.,20.55,10%,22.61,120
3026,Jogo 3 em 1 - MDF - 61 pc - Cx. Papel,20.55,10%,22.61,151
1068,Jogo 5 em 1 - MDF - 80 pc - Cx. mad.,35.08,10%,38.59,781
3027,Jogo 5 em 1 - MDF - 107 pc - Cx. Papel,35.08,10%,38.59,469
1554,Jogo acerte o alvo - MDF - Emb. c/ zíper,65.05,10%,71.56,540
1808,Jogo acerte o lance - MDF - 6 pç - Cx. papel,33.24,10%,36.56,439
1519,Jogo carlu super-pistas - MDF - 184 pç - Cx. papel,127.20,10%,139.92,752
1550,Jogo cobras e escadas educativo - MDF -64 pç - Emb. c/ zíper,47.70,10%,52.47,446
222,Jogo da Forca,9.15,10%,10.07,156
384,Jogo da velha adaptado para deficientes visuais - EVA-10 pçs,8.19,10%,9.01,404
1835,Jogo da Velha/ Ludo MDF - 27 peças - Emb. PVC,28.43,10%,31.27,558
1274,Jogo das cores - MDF - 19 pç - PVC enc.,24.43,10%,26.87,706
1094,Jogo de argolas cruz - MDF - 10 pç - PVC enc.,21.84,10%,24.02,719
1573,Jogo de argolas graduado - MDF - 31 pç - Cx. MDF,107.19,10%,117.91,623
109410,Jogo de argolas liso - MDF - 10 pç - PVC enc.,21.34,10%,23.47,545
1779,Jogo de dama e trilha adaptado - EVA - 54 peças - Cx. made.,41.69,10%,45.86,603
1256,Jogo de damas 20 x 20cm - MDF - 24 pç - Emb. plást.,12.53,10%,13.78,643
1230,Jogo de damas 30x30cm - MDF - 24 pç plásticas - Emb. plást.,14.65,10%,16.12,468
1251,Jogo de damas e trilha 30 x 30cm - MDF - 24 pç - Emb plást.,16.15,10%,17.77,263
1629,Jogo de futebol de botao 2 times - 26 pç - Emb. plást.,9.54,10%,10.49,291
1604,Jogo de ludo carlu - MDF - 21 pç - Emb. c/ zíper,40.95,10%,45.05,154
1235,Jogo de xadrez 20x20cm - MDF - Rei 5cm - 32 pç - Emb. plást.,17.45,10%,19.20,797
1780,Jogo de xadrez adaptado,200.15,10%,220.17,560
1497,Jogo do onibus - MDF - 427 pç - Cx. papel,114.86,10%,126.35,137
1535,Jogo dos poliminos - MDF - 184 pç - Cx. papel,113.37,10%,124.71,347
1189,Jogo resta um - 32 pç - Cx. MDF,31.80,10%,34.98,443
1176,Jogo xadrez e damas colegial - Rei 5 cm - 56 pç - Cx. MDF,37.27,10%,41.00,429
1167,"Jogo xadrez escolar (medio) - Rei 7,5cm - 32 pç - Cx. MDF",84.75,10%,93.23,378
1166,Jogo xadrez oficial - Rei 10cm - 32 pç - Cx. MDF,126.88,10%,139.57,524
1574,Kit alimen. saudável - 18 itens - Maleta c/ rodas-Cx.papelão,"1,021.75",10%,1123.93,384
1915,Kit aramados - 6 itens,235.74,10%,259.31,378
1881,kit com 110 livrinhos - Evangelize brincando,"1,211.24",10%,1332.36,536
125,Kit de provas piagetianas - 13 provas - Maleta MDF,336.26,10%,369.89,730
1596,Kit educ. física - 20 itens - Maleta c/ rodas - Cx. papelão,994.11,10%,1093.52,192
1741,Kit FNDE - Campos do conhecimento -Itens 26 a 35-Cx. papelão,"1,028.43",10%,1131.27,376
1542,Kit FNDE 1 - matematica - 55 itens - Cx. papelão,"1,171.00",10%,1288.10,517
1543,Kit FNDE 2 - letramento - 70 itens - Cx. papelão,"2,068.25",10%,2275.08,487
1644,Kit FNDE econômico - letramento - 70 itens - Cx. papelão,"1,315.51",10%,1447.06,436
1645,Kit FNDE econômico - matemática - 55 itens - Cx. papelão,660.75,10%,726.83,286
1897,Kit geometrico do professor - 10 pçs - Cx. papelao,79.50,10%,87.45,377
1545,Kit inclusao - 15 itens - Cx. papelão,"1,005.15",10%,1105.67,648
1638,Kit inclusão máster/Inclusoteca - 30 itens - Cx. papelão,"2,237.93",10%,2461.72,166
1499,Kit lixeira ecoteca (4 unidades) - MDF - 52 pç - PVC enc.,197.69,10%,217.46,366
19,Kit psicomotricidade - EVA - 34 pç - Emb. plást.,71.50,10%,78.65,639
1388,Kit QI - MDF - 6 jogos - Emb. plást.,72.85,10%,80.14,742
1665,Kit quarto infantil bichinhos do mar - 5 itens - Cx. papelão,740.65,10%,814.72,388
1666,Kit quarto infantil florzinhas - 5 itens - Cx. papelão,740.65,10%,814.72,313
1625,Kit recreação e lazer - 10 jogos - Caixas de papelão,"2,567.43",10%,2824.17,311
1760,Kit seriação e classificação - MDF - 5 jogos - PVC enc.,113.37,10%,124.71,706
1896,Léxico arena - MDF - 513 peças - Cx papel,77.27,10%,85.00,156
129,Libras - alfabeto vazado - EVA - 26 pç - Emb. plást.,12.19,10%,13.41,690
377,Libras - Calendário de libras EVA - 55 peças - Emb. plástica,32.53,10%,35.78,166
1293,Libras - Memoria ling. de sinais- MDF - 52 pç - Cx. mad.,15.23,10%,16.75,473
390,Libras - Painel libras - Emb. Plástica,66.45,10%,73.10,665
354,Libras - trenzinho de libras EVA - 292 pç - Emb. c/ zíper,159.34,10%,175.27,763
1612,Libras Linguag. de sinais soletrando - MDF - 70 pç- Cx. mad.,21.45,10%,23.60,91
1128,Linha movimento 1 fisico integral - Mad. -87 pç- Cx. papelão,386.90,10%,425.59,491
1127,Linha movimento 2 sensoriais e corp. - 65 pç - Cx. papelão,322.82,10%,355.10,422
1863,Livrinho amiguinhos da natureza - Animais domésticos,20.14,10%,22.15,288
1864,Livrinho amiguinhos da natureza - Animais selvagens,20.14,10%,22.15,438
1861,Livrinho amiguinhos da natureza - Aprendendo com a natureza,20.14,10%,22.15,441
1860,Livrinho amiguinhos da natureza - Aprendendo com as frutas,20.14,10%,22.15,322
1862,Livrinho amiguinhos da natureza - Aprendendo com os legumes,20.14,10%,22.15,571
1882,Livro - Fantoches Cuidando da Água,530.00,10%,583.00,313
1883,Livro - Fantoches Economizando Energia,609.50,10%,670.45,666
1663,Lixeira bichinhos do mar - MDF - 13 pç - PVC enc.,48.07,10%,52.88,129
1664,Lixeira florzinhas - MDF - 13 pç - PVC enc.,48.07,10%,52.88,729
1794,Loto de desenhos e rimas - MDF 30 pç - Cx. mad.,34.73,10%,38.20,352
1759,Loto gigante imagens e palavras - Ingles -MDF-52 pç-Cx. mad.,104.88,10%,115.37,340
1758,Loto gigante imagens e palavras - MDF - 30 pç - Cx. mad.,79.43,10%,87.37,101
200,Loto leitura EVA - 120 pç - Emb. plást.,16.48,10%,18.13,519
3014,Loto leitura MDF - 130 pc - Cx papel,24.33,10%,26.76,729
1023,Loto leitura MDF - 130 pç - Cx. mad.,28.41,10%,31.25,263
1015,Loto numerica - MDF - 76 pç - Cx. mad.,24.66,10%,27.13,158
3015,Loto numerica MDF - 80 pc - Cx papel,19.04,10%,20.94,518
1833,Loto numérica NO PACOTE - MDF - 76 pç - Emb. plást.,16.57,10%,18.23,50
1108,Maleta Alfabetizacao - 10 jogos - Maleta MDF,243.20,10%,267.52,62
324,Maleta com 1.000 letras - EVA - Cx. mad.,242.53,10%,266.78,449
325,Maleta com 1.000 numeros - EVA - Cx. mad.,242.53,10%,266.78,505
1107,Maleta matematica - 10 jogos - Maleta MDF,216.54,10%,238.19,677
1242,Maleta pedagogica - 10 jogos - Maleta MDF,239.02,10%,262.92,788
71,Mapa america do sul - EVA - Base MDF - PVC enc.,13.73,10%,15.10,339
35,Mapa Brasil politico - EVA - Base MDF - PVC enc.,13.73,10%,15.10,179
36,Mapa espaco regional - EVA - Base MDF - PVC enc.,13.73,10%,15.10,656
124,Mapa mundi EVA - Base MDF - PVC enc.,13.73,10%,15.10,383
1129,Maquete de casinha - MDF - 24 pç - Cx. papelão,196.10,10%,215.71,766
1105,Material dourado  611 pecas - Mad. - Cx. mad.,51.55,10%,56.71,521
1219,Material dourado - Mad. - 111 pç no TNT,10.60,10%,11.66,614
1849,Material dourado 111 pc - Mad. - Cx. mad.,14.65,10%,16.12,357
1231,Material dourado 1.111 pecas - Mad. - Cx. MDF,66.49,10%,73.14,68
203,Material dourado EVA - 111 pç - Emb. plást.,9.78,10%,10.76,471
174,Material dourado EVA 611 pecas - Cx. mad.,46.05,10%,50.66,268
231,Material dourado EVA individual 62 pç - Emb. plást.,8.05,10%,8.86,295
3012,Material dourado individual 111 peças - Mad. - Cx. papel,9.40,10%,10.34,305
1106,Material dourado individual 62 pecas - Mad. - Cx. mad.,13.15,10%,14.47,180
3011,Material dourado individual 62 peças - Mad. - Cx. papel,8.67,10%,9.54,175
1046,Memoria adicao e subtracao - MDF - 40 pç - Cx. mad.,13.40,10%,14.74,338
1038,Memoria alfabetizacao - MDF - 40 pç - Cx. mad.,13.40,10%,14.74,214
1182,Memoria animais e filhotes - MDF - 40 pç - Cx. mad.,13.40,10%,14.74,282
3005,Memória animais e filhotes - MDF - 40 pç - Cx. Papel,10.45,10%,11.50,104
1037,Memoria animais e nomes - MDF - 40 pç - Cx. mad.,13.40,10%,14.74,417
1045,Memoria animais e objetos diversos - MDF - 40 pç - Cx. mad.,13.40,10%,14.74,612
1260,Memoria animais vertebrados - MDF - 40 pç - Cx. mad.,13.40,10%,14.74,56
1575,Memoria de peso - MDF - 21 pç - Emb. c/ zíper,154.18,10%,169.60,355
1898,Memória do alfabeto - De A a Z - 52 pç - Cx madeira,18.76,10%,20.64,611
1102,Memoria figuras e palavras - MDF - 40 pç - Cx. mad.,13.40,10%,14.74,657
1041,Memoria formas geometricas - MDF - 40 pç - Cx. mad.,13.40,10%,14.74,219
1186,Memoria frutas - MDF - 40 pç - Cx. mad.,13.40,10%,14.74,366
1184,Memoria frutas e hortalicas - MDF - 40 pç - Cx. mad.,17.05,10%,18.76,312
3006,Memória frutas e hortaliças - MDF - 40 pç - Cx. Papel,10.45,10%,11.50,540
1259,Memoria ingles - MDF - 40 pç - Cx. mad.,13.40,10%,14.74,798
1124,Memoria kit - MDF - 10 jogos - PVC enc.,130.09,10%,143.10,369
1039,Memoria masculino e feminino - MDF - 40 pç - Cx. mad.,13.40,10%,14.74,267
3007,Memória meios de comun. e transp. - MDF - 40 pç - Cx. Papel,10.45,10%,11.50,737
1040,Memoria meios de comunicacao e transporte-MDF-40pç- Cx. mad.,13.40,10%,14.74,790
1044,Memoria meus brinquedos - MDF - 40 pç - Cx. mad.,13.40,10%,14.74,93
3008,Memória meus brinquedos - MDF - 40 pç - Cx. Papel,10.45,10%,11.50,267
1183,Memoria numerais - MDF - 40 pç - Cx. mad.,13.40,10%,14.74,629
1233,Memoria numerais e quantidades - MDF - 40 pç - Cx. mad.,13.40,10%,14.74,664
3009,Memória numerais e quantidades - MDF - 40 pç - Cx. Papel,10.45,10%,11.50,180
1043,Memoria plural e singular - MDF - 40 pç - Cx. mad.,13.40,10%,14.74,517
1042,Memoria profissoes - MDF - 40 pç - Cx. mad.,13.40,10%,14.74,338
1829,Memoria silabas inic fig NO PACOTE - MDF - 40pç - Emb. plást,11.37,10%,12.51,62
1036,Memoria silabas iniciais e figuras - MDF - 40pç - Cx. mad.,13.40,10%,14.74,460
1923,Mesa com 2 cadeiras de madeira - Baby rabiscos de iniciação,251.81,10%,276.99,244
1737,Mesa com 4 cadeiras - CADEIRAS DE FERRO - Cx. papelão,369.21,10%,406.13,749
5017,Mesa com 4 cadeiras de MADEIRA- Mad. e MDF - Cx. papelão,354.89,10%,390.38,578
1659,Mesa e banqueta bichinhos do mar - MDF - Cx. papelão,352.77,10%,388.05,350
1660,Mesa e banqueta florzinhas - MDF - Cx. papelão,352.77,10%,388.05,742
5018,Mesa oitavada com 8 cad de MADEIRA - Mad e MDF - Cx. papelão,721.22,10%,793.34,258
1738,Mesa oitavada com 8 cadeiras - CADEIRAS DE FERRO-Cx. papelão,708.74,10%,779.61,360
5002,Mesa para recreação - MDF - 5 jogos - Cx. papelão,500.00,10%,550.00,651
5015,Mesa versatil - MDF - 4 pç - Cx. papelão,297.75,10%,327.53,186
5019,Mesa xadrez c gaveta e 2 cad - Mad e MDF - Rei 10cm - Cx pap,248.59,10%,273.45,643
1884,Mesas - Kit sextavado mesas angulares com 6 cad de FERRO,"1,484.00",10%,1632.40,450
1588,Mobile - Madeira - PVC enc.,30.98,10%,34.08,79
1513,Mosaico fantastico individual - Base MDF - 36 pç - PVC enc.,23.46,10%,25.81,562
1520,Mosaico fantastico kit com 4 - Base MDF - 144 pç - PVC enc.,92.51,10%,101.76,700
1131,Mosaico triangulo - MDF - 36 pç - PVC enc.,26.31,10%,28.94,712
1395,Multi tabuada - MDF - 81 pç - PVC enc.,68.90,10%,75.79,393
1170,Multi-race,139.20,10%,153.12,757
1943,Musicalização – Agogô – 1 par - Emb. Plástica,16.36,10%,18.00,450
1698,Musicalização - Castanhola - 1 par - MDF - Emb. plást.,26.01,10%,28.61,747
1697,Musicalização - Chocalho de guizos -1 par -Mad.- Emb. plást.,23.60,10%,25.96,492
374,Musicalização - Dado de figuras musicais - EVA - Emb. plást.,16.91,10%,18.60,768
375,Musicalização - Dado de sons - EVA - Emb. plást.,16.91,10%,18.60,678
376,Musicalização - Dominó figuras musicais - EVA 25pç- Cx.mad.,18.34,10%,20.17,761
1695,Musicalização - Jogo de ganzás – grave e agudo - Emb. plást.,19.13,10%,21.04,163
1939,Musicalização – Maráca – 1 par – Emb. Plástica,16.82,10%,18.50,66
1687,Musicalização - Memória instr. musicais -MDF -28pç- Cx. mad.,19.13,10%,21.04,674
1692,Musicalização - Metalofone de barras-MDF e alumínio-PVC enc.,143.20,10%,157.52,201
1691,Musicalização - Metalofone de tubos-MDF e alumínio -PVC enc.,77.72,10%,85.49,124
1944,Musicalização – Pandeiro mini – 1 par - Emb. Plástica,62.73,10%,69.00,588
1699,Musicalização - Platinela - 1 par - MDF - Emb. plást.,18.94,10%,20.83,552
1690,Musicalização - Raquete sonora - 1 par - MDF - Emb. plást.,16.24,10%,17.86,730
1693,Musicalização - Reco-reco cilíndrico - 1 par-PVC-Emb. plást.,15.99,10%,17.59,769
1694,Musicalização - Reco-reco de madeira - 1 par - Emb. plást.,11.23,10%,12.35,109
1688,Musicalização - Seta sonora de animais - MDF - PVC enc.,32.38,10%,35.62,563
1689,Musicalização - Seta sonora de notas musicais -MDF -PVC enc.,32.38,10%,35.62,236
1940,Musicalização – Tambor médio – Emb. PVC,43.64,10%,48.00,564
1941,Musicalização – Tambor pequeno – Emb. PVC,32.73,10%,36.00,262
1942,Musicalização – Triângulo – 1 par - Emb. PVC,18.18,10%,20.00,338
1686,Musicoteca - 17 jogos - Cx. MDF,516.05,10%,567.66,257
358,Numerais com objetos e quantidades -EVA -55 pç- Emb.c/ zíper,80.32,10%,88.35,437
176,Numerais com pinos - EVA - 55 pç - Cx. mad.,27.47,10%,30.22,67
3028,Numerais com pinos - EVA - 55 pc - Cx. Papel,13.95,10%,15.35,756
401,Numerais com pinos NO PACOTE - EVA - 55 pç - Emb. plást.,21.39,10%,23.53,646
403,Numerais e quantidades em EVA – 10 bases – Emb. PVC,40.91,10%,45.00,585
1627,Numerais e quantidades em libras - MDF - 30 pç - Cx. mad.,26.79,10%,29.47,792
1055,Numerais e quantidades jogo com 30 pecas - MDF - Cx. mad.,22.94,10%,25.23,146
1553,Numerais e quantidades na base -MDF-20 pç 2 bases - PVC enc.,52.87,10%,58.16,593
1490,Numerais e sinais MDF - 35 pç - Cx. mad.,43.35,10%,47.69,504
101,Numeros - conhecendo os numerais - EVA - Emb. plást.,11.71,10%,12.88,334
1587,Numeros - operações de aritmetica mental-MDF-160 pç-Cx. MDF,62.64,10%,68.90,519
359,Numeros gigantes - EVA - 30 pç - Emb. c/ zíper,78.05,10%,85.86,473
373,Números no pote - EVA - 100 Pç,38.21,10%,42.03,76
1589,Paineis psicomotores kit com 4 unidades - MDF - PVC enc.,135.29,10%,148.82,442
1676,Painel aniversariante do mês - MDF - Cx. papelão,46.86,10%,51.55,274
1590,Painel cardápio da semana - MDF - Cx. papelão,42.59,10%,46.85,572
339,Painel mural da alfabetizacao - Feltro,72.04,10%,79.24,207
1047,Palavras cruzadas - MDF - 72 pç - Cx. mad.,21.30,10%,23.43,51
3013,Palavras cruzadas MDF - 73 pc - Cx papel,16.93,10%,18.62,311
1830,Palavras cruzadas NO PACOTE - MDF - 72 pç - Emb. plást.,13.97,10%,15.37,244
1011,Palhaco bocao - MDF - PVC enc.,30.50,10%,33.55,742
1079,Palhaco bola - MDF - Cx. papelão,130.34,10%,143.37,489
1072,Passa formas geométricas - MDF - 8 pç - Cx. mad.,34.62,10%,38.08,174
1232,Passa formas horizontal - Mad. e MDF - 4 formas - PVC enc.,23.65,10%,26.02,254
1228,Passa formas vertical - Madeira e MDF - 4 formas - PVC enc.,20.38,10%,22.42,279
1197,Pega varetas gigante - Mad. - 31 varetas - Cx. MDF,88.94,10%,97.83,382
1482,Pequena cidade - MDF - 100 pç - Cx. mad.,89.85,10%,98.84,375
3031,Pequeno engenheiro – MDF – 50 pc – Cx papel,21.18,10%,23.30,392
1121,Pequeno engenheiro - MDF - 50 pç - Cx. mad.,32.19,10%,35.41,507
1080,Perceptivo visual - MDF - 66 pç - Cx. mad.,94.00,10%,103.40,681
1642,Pescando no aquário - MDF - 36 pç - Cx. papel,170.81,10%,187.89,191
1534,Pesque e brinque - MDF - 20 pç - Cx. papelão,136.98,10%,150.68,765
1839,Peteca,5.83,10%,6.41,751
1208,Pinos de encaixe - MDF - 20 pç - PVC enc.,22.35,10%,24.59,425
1624,Pote alfabeto móvel 103 pç de EVA kit FNDE letramento,26.84,10%,29.52,473
1843,Pote alfabeto móvel 103 peças EVA 4mm - Econômico,23.75,10%,26.13,636
1623,Pote alfanumérico 102 pç de EVA do kit FNDE matemática,25.01,10%,27.51,479
1842,Pote alfanumérico 102 peças EVA 4mm - Econômico,20.77,10%,22.85,265
1936,PP - Conectando formas - 1000 pc - Mochila plast.,148.45,10%,163.30,435
1934,PP - Conectando formas - 150 pc - Emb. com ziper,25.00,10%,27.50,328
1932,PP - Conectando formas - 40 pc - Emb. plastica,5.18,10%,5.70,265
1935,PP - Conectando formas - 480 pc - Emb. balde,88.63,10%,97.49,637
1933,PP - Conectando formas - 80 pc  - Emb. pote,14.45,10%,15.90,70
1677,Prancha de engrenagens - Base MDF - 7 engrenagens - PVC enc.,21.83,10%,24.01,788
1083,Prancha de selecao gigante - MDF - 16 pç - PVC enc.,55.85,10%,61.44,757
1078,Prancha de selecao pequena - MDF - 16 pç - PVC enc.,28.09,10%,30.90,431
1126,Prancha geométrica - MDF - 8 pç - PVC enc.,33.60,10%,36.96,286
1597,Prateleira bichinhos do mar - MDF - 18 pç - Cx. papelão,210.39,10%,231.43,189
5016,Prateleira colorida - Mad. - 24 pç - Cx. papelão,212.36,10%,233.60,697
5020,Prateleira com telhado - MDF - Cx. papelão,291.29,10%,320.42,285
1598,Prateleira florzinhas - MDF - 18 pç - Cx. papelão,210.39,10%,231.43,737
1887,Prateleira multi uso com gavetas - Cx. de papelao,504.76,10%,555.24,619
1095,Pula corda 2 m - Cabo de mad. e corda de nylon - Emb. plást.,7.26,10%,7.99,578
1628,Pula corda cabo emborrachado - Mad. e nylon - Emb. plást.,9.28,10%,10.21,396
1631,Q. C. alfabeto ilustrado - Grande - Base MDF-26 pç- PVC enc.,31.32,10%,34.45,789
1651,Q. C. alfapolvo - Base MDF - 27 pç - PVC enc.,35.32,10%,38.85,521
1191,Q. C. alimentos - Base MDF - 20 pç - PVC enc.,13.01,10%,14.31,744
1851,Q. C. Animais da fauna brasileira -Base MDF- 6 pç - PVC enc.,13.01,10%,14.31,414
1483,Q. C. animais em extinção - MDF - 156 pç - Cx. MDF,92.03,10%,101.23,677
1509,Q. C. biblico - Arca de noe - MDF - 108 pç - Cx. Papel,102.10,10%,112.31,387
1791,Q. C. bíblico - Daniel cova leões - Base MDF 6 pç PVC enc.,13.01,10%,14.31,477
1792,Q. C. bíblico - Domingo de ramos - Base MDF 8 pç PVC enc.,13.01,10%,14.31,605
1508,"Q. C. biblico - Jesus, vida -ressurreicao-MDF 70 pç-Cx.Papel",77.05,10%,84.76,300
1793,Q. C. bíblico - Jonas e a Baleia - Base MDF 11 pç PVC enc.,13.01,10%,14.31,379
1507,Q. C. biblico - Nascimento de Jesus - MDF 48 pç - Cx. Papel,60.23,10%,66.25,672
1245,Q. C. casal cachorros - Base MDF - 10 pç - PVC enc.,13.01,10%,14.31,739
1280,Q. C. casal elefantes - Base MDF - 4 pç - PVC enc.,13.01,10%,14.31,787
1244,Q. C. casal gatos - Base MDF - 6 pç - PVC enc.,13.01,10%,14.31,781
1013,Q. C. casal Kit com 10 - MDF - PVC enc.,127.49,10%,140.24,551
1246,Q. C. casal ovelhas - Base MDF - 3 pç - PVC enc.,13.01,10%,14.31,404
1288,Q. C. casal patos - Base MDF - 8 pç - PVC enc.,13.01,10%,14.31,273
1281,Q. C. casal peixes - Base MDF - 7 pç - PVC enc.,13.01,10%,14.31,196
1287,Q. C. casal ratos - Base MDF - 12 pç - PVC enc.,13.01,10%,14.31,749
1278,Q. C. casal sapos - Base MDF - 12 pç - PVC enc.,13.01,10%,14.31,62
1282,Q. C. casal tartarugas - Base MDF - 7 pç - PVC enc.,13.01,10%,14.31,536
1283,Q. C. casal ursos - Base MDF - 9 pç - PVC enc.,13.01,10%,14.31,509
1654,Q. C. com pinos – Cidade - Base MDF - 10 pç - PVC enc.,18.79,10%,20.67,391
1653,Q. C. com pinos - Fazenda - Base MDF - 10 pç - PVC enc.,18.79,10%,20.67,276
1190,Q. C. corpo humano - Base MDF - 16 pç - PVC enc.,13.01,10%,14.31,671
1549,Q. C. Cubos - Animais Vertebrados -MDF -12 pç- Emb. c/ zíper,112.03,10%,123.23,245
1814,Q. C. Cubos - Caminhão - MDF - 16 pç - Cx. papel,98.82,10%,108.70,162
1643,Q. C. da alfabetização - Pequeno - Base MDF -10 pç- PVC enc.,14.41,10%,15.85,260
1494,Q. C. Elementos da Natureza - Kit c/ 8 jgs - PVC enc.,174.56,10%,192.02,414
1300,Q. C. frutas e legumes - Base MDF - 55 pç - PVC enc.,13.01,10%,14.31,413
1502,Q. C. geog. - Espaço cosmico - MDF - 88 pç - Cx. Papel,76.53,10%,84.18,407
1503,Q. C. geog. - Mapa mundi e etnias - MDF - 300 pç - Cx. Papel,159.21,10%,175.13,129
1495,Q. C. geog. - relevo e acidentes geog. -MDF 54 pç- Cx. Papel,80.83,10%,88.91,759
1630,Q. C. geométrico - Base MDF - 24 pç - PVC enc.,18.55,10%,20.41,677
1856,Q. C. Geométrico gigante,37.58,10%,41.34,362
1517,Q. C. gig. palhaco equil. - MDF - 24 pç - Cx. papel,108.89,10%,119.78,552
1307,Q. C. higiene - Base MDF - 30 pç - PVC enc.,13.01,10%,14.31,159
1504,Q. C. hist - Inconfidencia mineira - MDF -130 pç- Cx. Papel,78.30,10%,86.13,703
1505,Q. C. hist. - Desc. do brasil - MDF - 117 pç - Cx. Papel,86.58,10%,95.24,720
1506,Q. C. hist. - Linha do tempo - MDF - 165 pç - Cx. Papel,111.30,10%,122.43,342
1546,Q. C. inclusao social - Base MDF - 24 pç - PVC enc.,13.01,10%,14.31,157
1193,Q. C. meios de transportes - Base MDF - 16 pç - PVC enc.,13.01,10%,14.31,709
1580,Q. C. menina estilista - Base MDF - 9 pç - PVC enc.,15.66,10%,17.23,459
1581,Q. C. menino estilista - Base MDF - 9 pç - PVC enc.,15.66,10%,17.23,476
1201,Q. C. mosaico - MDF - 160 pç - Cx. mad.,96.36,10%,106.00,109
1299,Q. C. natureza - Base MDF - 50 pç - PVC enc.,13.01,10%,14.31,580
1593,Q. C. piramide alimentar brasileira -Base MDF-13pç- PVC enc.,40.72,10%,44.79,723
1592,Q. C. piramide de atividades físicas -Base MDF-43pç-PVC enc.,43.46,10%,47.81,445
1050,Q. C. silábico frutisilaba - MDF - 18 pç - Cx. mad.,22.02,10%,24.22,516
1051,Q. C. silábico hortisilaba - MDF - 18 pç - Cx. mad.,22.02,10%,24.22,677
1052,Q. C. silábico objetosilaba - MDF - 16 pç - Cx. mad.,22.02,10%,24.22,276
1053,Q. C. silábico transilaba - MDF - 16 pç - Cx. mad.,22.02,10%,24.22,170
1054,Q. C. silábico zoosilaba - MDF - 18 pç - Cx. mad.,22.02,10%,24.22,504
1661,Quadrinho bichinhos do mar - MDF - 5 pç - PVC enc.,49.77,10%,54.75,714
1662,Quadrinho florzinhas - MDF - 5 pç - PVC enc.,49.77,10%,54.75,366
5010,Quadro de atividades - MDF - 24 pç - Cx. papelão,190.57,10%,209.63,256
1922,Quebra cabeça evolutivo - Kit com 6 jogos - Cx Papel,93.60,10%,102.96,70
1236,Raquete frescobol com cabo emb. MDF e EVA - 1 par - PVC enc.,31.95,10%,35.15,404
1022,Raquetes tênis de mesa - MDF - 1 par - Emb. plást.,10.88,10%,11.97,553
1626,Regua de frações - MDF - 85 pç - Cx. mad.,49.18,10%,54.10,242
1207,Regua girafa amiga - MDF - Cx. papelão,31.32,10%,34.45,490
1049,Reguas numericas - MDF - 61 pç - Cx. mad.,29.63,10%,32.59,213
1639,Religiosos - Arca de Noé - MDF - 35 pç - Cx. Papel,223.08,10%,245.39,642
1747,Religiosos - Árvore de natal 42cm - MDF - 73 pç - PVC enc.,53.00,10%,58.30,229
1725,Religiosos - Árvore para dinâmicas - MDF -113 pç -Maleta MDF,465.20,10%,511.72,573
1764,Religiosos - Cruz do Pai nosso - MDF - Cx. papel,43.73,10%,48.10,235
1798,Religiosos - Dedoches passagens bíblicas - 31 personagens,123.65,10%,136.02,505
1803,Religiosos - Livrinho Adão e Eva,10.44,10%,11.48,704
1804,Religiosos - Livrinho Batismo de Jesus,9.49,10%,10.44,252
1805,Religiosos - Livrinho Davi e Golias,9.86,10%,10.85,181
1806,Religiosos - Livrinho Ester e Rute,9.49,10%,10.44,197
1816,Religiosos - Livrinho Evangelistas,12.84,10%,14.12,212
1817,Religiosos - Livrinho Moisés e Faraó,9.49,10%,10.44,474
1807,Religiosos - Livrinho Pedro e Paulo,9.49,10%,10.44,55
1818,"Religiosos - Livrinho Sacerdotes, Profetas e Discípulos",14.36,10%,15.80,634
1819,Religiosos - Livrinho Sagrada Família,10.44,10%,11.48,142
1820,Religiosos - Livrinho Sansão e Dalila,9.49,10%,10.44,160
1821,Religiosos - Livrinho Três Arcanjos,10.44,10%,11.48,624
1788,Religiosos - Memória Via Sácra - MDF - 30 pç - Cx. mad.,18.06,10%,19.87,175
1796,Religiosos - Personagem Déia - MDF - Emb. plást.,7.42,10%,8.16,485
1797,Religiosos - Personagem Dudu - MDF - Emb. plást.,7.42,10%,8.16,231
1748,Religiosos - Presépio - MDF - 32 pç - Cx. mad.,81.09,10%,89.20,768
1751,Religiosos - Q. C. 3D - Bom pastor,38.64,10%,42.50,115
1750,Religiosos - Q. C. 3D - Jesus carregando a cruz,50.09,10%,55.10,219
1670,Religiosos - Q. C. 3D na base - Bom pastor,19.77,10%,21.75,729
1696,Religiosos - Q. C. 3D na base - Jesus carregando a cruz,31.64,10%,34.80,173
1790,Religiosos - Teatro de dedoches - Passagens Bíblicas,68.14,10%,74.95,335
1752,Religiosos - Troque enc. cores - Anjo com trombeta MDF 20 pç - PVC enc,30.37,10%,33.41,165
1786,Religiosos - Troque enc. cores - Anjo rezando MDF 24 pç - PVC enc.,30.37,10%,33.41,740
1787,Religiosos - Troque enc. cores - Anjo sentado MDF 20 pç - PVC enc.,30.37,10%,33.41,174
1579,Reloginho da saude - Base MDF - 24 pç - PVC enc.,25.35,10%,27.89,779
1024,Relogio cuco - MDF - PVC enc.,12.77,10%,14.05,535
361,Relogio do conhecimento - EVA - 64 pç - PVC enc.,48.04,10%,52.84,649
1840,Robotetris - MDF 20 pç - Emb. PVC,30.06,10%,33.07,779
1169,Rola rola - Madeira - PVC enc.,32.43,10%,35.67,436
1650,Rola rola bebê - 2 unidades - MDF - PVC enc.,25.05,10%,27.56,219
1202,Rola rola mini - Mad. - PVC enc.,18.84,10%,20.72,130
5007,Separador de livros lapis - MDF - Cx. papelão,47.49,10%,52.24,119
1112,Seq logica animais - MDF - 16 pç - Cx. mad.,15.32,10%,16.85,615
1113,Seq logica atividades - MDF - 16 pç - Cx. mad.,15.32,10%,16.85,593
1472,Seq logica caça e pesca - MDF - 16 pç - Cx. mad.,15.32,10%,16.85,75
1115,Seq logica derivados - MDF - 16 pç - Cx. mad.,15.32,10%,16.85,184
1473,Seq logica desmatamento - MDF - 16 pç - Cx. mad.,15.32,10%,16.85,800
1474,Seq logica desperdicio - MDF - 16 pç - Cx. mad.,15.32,10%,16.85,541
1116,Seq logica dias de festas - MDF - 16 pç - Cx. mad.,15.32,10%,16.85,326
1548,Seq logica inclusao social - MDF - 16 pç - Cx. mad.,15.32,10%,16.85,692
1119,Seq logica kit - MDF - 8 jogos - PVC enc.,120.07,10%,132.08,491
1459,Seq logica natureza - MDF - 16 pç - Cx. mad.,15.32,10%,16.85,267
1475,Seq logica poluicao / aq. global - MDF - 16 pç - Cx. mad.,15.32,10%,16.85,789
1117,Seq logica profissoes - MDF - 16 pç - Cx. mad.,15.32,10%,16.85,242
1476,Seq logica separando o lixo - MDF - 16 pç - Cx. mad.,15.32,10%,16.85,670
1111,Seq logica tempo - MDF - 16 pç - Cx. mad.,15.32,10%,16.85,213
1118,Seq logica transito - MDF - 16 pç - Cx. mad.,15.32,10%,16.85,457
1114,Seq logica vida - MDF - 16 pç - Cx. mad.,15.32,10%,16.85,246
1250,Seq unid 45 argolas de MDF - PVC enc.,32.33,10%,35.56,599
1087,Seriaçao de animais - MDF - 54 pç - Cx. mad.,18.41,10%,20.25,134
1059,Seriaçao e classificacao de carrinhos - MDF -18pç - Cx. mad.,92.80,10%,102.08,302
338,Sitio da imaginacao - EVA - 84 pç - Emb. c/ zíper,92.61,10%,101.87,736
1376,Sitio encantado - MDF - 50 pç - Cx. papel,244.05,10%,268.46,652
1622,Sólidos geométricos - Mad. - 11 pç - Cx. mad.,52.84,10%,58.12,534
1522,Solidos Geometricos de madeira 11 pç emb. plást.,44.79,10%,49.27,156
1020,Super vinte - MDF e EVA c/ 20 jogos - Maleta MDF,203.30,10%,223.63,649
1733,Superblocos para pintar 110pç -Mad- tinta e giz-Maleta plást,117.47,10%,129.22,194
1732,Superblocos para pintar 44pç -Mad- tinta e giz -Maleta plást,66.39,10%,73.03,190
1164,Tabela de basketball - MDF - PVC enc.,127.63,10%,140.39,409
105,Tabuada - EVA - Emb. plást.,12.48,10%,13.73,399
1822,Tabuada Giratória Adição,63.14,10%,69.45,725
1825,Tabuada Giratória Divisão,63.14,10%,69.45,57
1824,Tabuada Giratória Multiplicação,63.14,10%,69.45,714
1823,Tabuada Giratória Subtração,63.14,10%,69.45,137
1096,Taco de bets - Madeira - 1 par - 5 pç - PVC enc.,19.72,10%,21.69,54
160,Tangram circulo - EVA - 40 pç - Emb. plást.,14.94,10%,16.43,203
158,Tangram coracao - EVA - 36 pç - Emb. plást.,14.94,10%,16.43,600
16,Tangram EVA - 4 bases - 28 pç - Emb. plást.,14.94,10%,16.43,685
3029,Tangram MDF - 35 pc - Cx. Papel,13.60,10%,14.96,497
1089,Tangram MDF - 70 pç - Cx. mad.,34.21,10%,37.63,350
159,Tangram ovo - EVA - 36 pç - Emb. plást.,14.94,10%,16.43,481
348,Tapete - Super numeralfa c/ bordas -EVA-70 pç- Emb. c/ zíper,398.01,10%,437.81,577
347,Tapete - Super tapete do alf c/ bordas-EVA-56pç-Emb.c/ zíper,288.20,10%,317.02,556
156,Tapete alfabetario - EVA - 30 pç - Emb. c/ zíper,25.03,10%,27.53,588
241,Tapete alfabeto - EVA - 26 pç - Emb. c/ zíper,168.59,10%,185.45,236
193,Tapete alfabeto 4 em 1 - EVA - 26 pç - Emb. c/ zíper,124.77,10%,137.25,576
79,Tapete alfanumerico - EVA - 36 pç - Emb. c/ zíper,90.40,10%,99.44,310
162,Tapete alfanumerico gigante - EVA - 36 pç - Emb. c/ zíper,271.04,10%,298.14,78
366,Tapete alfanumérico pequeno - EVA - 36 pç - Emb. c/ zíper,29.11,10%,32.02,636
335,Tapete amarelinha c/ figuras - EVA - 10 pç - Emb. c/ zíper,79.63,10%,87.59,619
69,Tapete amarelinha grande - EVA - 15 pç - Emb. c/ zíper,89.43,10%,98.37,436
75,Tapete amarelinha pequeno - EVA - 15 pç - Emb. c/ zíper,63.59,10%,69.95,677
152,Tapete bichinhos com borda - EVA - 38 pç - Emb. c/ zíper,58.78,10%,64.66,532
60,Tapete de numeros - EVA - 10 pç - Emb. c/ zíper,50.92,10%,56.01,134
57,Tapete gigante - EVA - 30 pç - Emb. c/ zíper,195.76,10%,215.34,484
74,Tapete juntapete - EVA - 30 pç - Emb. c/ zíper,140.91,10%,155.00,279
349,Tapete liso c/ bordas - EVA - 42 pç - Emb. c/ zíper,200.05,10%,220.06,74
314,Tapete meios de transp. c/ borda - EVA - 20pç - Emb.c/ zíper,70.23,10%,77.25,436
330,Tapete numerais e quant. c/ borda - EVA - 28pç - Emb.c/zíper,111.09,10%,122.20,778
201,Tapete zootapete - EVA - 10 pç - Emb. c/ zíper,55.00,10%,60.50,407
194,Tatame azul 1x1 EVA 10mm,39.90,10%,43.89,598
196,Tatame vermelho 1x1 EVA 10mm,39.90,10%,43.89,699
1010,Teatro da hora - MDF - 6 pç - Cx. papelão,106.00,10%,116.60,700
1100,Teatro da patota - MDF - 27 pç - Cx. papelão,270.59,10%,297.65,276
1674,Teatro de dedoches - Carruagem - MDF - 21 pç - PVC enc.,115.64,10%,127.20,400
1165,Tenis de mesa junior - MDF - Cx. papelão,478.15,10%,525.97,400
1163,Tenis de mesa oficial - MDF - Cx. papelão,898.81,10%,988.69,133
1101,Torre de equilibrio - Madeira - 48 pç - Cx. mad.,69.10,10%,76.01,409
1076,Torre de formas geometricas - MDF - 16 pç - PVC enc.,23.42,10%,25.76,734
1125,Torre de Hanoi MDF - 6 pç - PVC enc.,24.91,10%,27.40,304
1262,Torre inteligente - Mad. - 63 pç - Cx. mad.,36.14,10%,39.75,170
1152,Transabaco - Mad. - 50 pç - PVC enc.,36.24,10%,39.86,725
1151,Transalfanumerico - Mad. - 36 pç - PVC enc.,38.40,10%,42.24,173
1155,Transcaibro - Mad. - 4 pç - PVC enc.,47.36,10%,52.10,249
1373,Transencaixe - MDF - 8 pç - PVC enc.,44.33,10%,48.76,719
1156,Transformas - Mad. - 8 pç - PVC enc.,47.70,10%,52.47,159
1158,Transgeometrico - MDF - 23 pç - PVC enc.,43.36,10%,47.70,86
1584,Transito - kit conhecendo a sinalizacao -MDF-114pç- Cx. MDF,208.10,10%,228.91,352
1075,Transito - Kit trânsito - Madeira - 15 pç - Cx. papelão,119.11,10%,131.02,229
1537,Transito - mini Kit - MDF - 15 pç - Cx. mad.,63.99,10%,70.39,401
1157,Translogico - MDF - 17 pç - PVC enc.,47.17,10%,51.89,501
1153,Transrodeio - Mad. - 8 pç - PVC enc.,38.79,10%,42.67,252
1154,Transtora - Mad. - 4 pç - PVC enc.,47.36,10%,52.10,717
1369,Trenzinho educativo - MDF - Cx. papel,119.36,10%,131.30,791
1602,Troque e encaixe as cores - aviao - MDF - 16 pç - PVC enc.,40.23,10%,44.25,746
1603,Troque e encaixe as cores - casa - MDF - 20 pç - PVC enc.,57.40,10%,63.14,745
1600,Troque e encaixe as cores - palhaço - MDF - 12 pç - PVC enc.,40.23,10%,44.25,621
1601,Troque e encaixe as cores - peixe - MDF - 16 pç - PVC enc.,40.23,10%,44.25,549
367,Varal de letras/Alfabeto 4 em 1 - EVA - 26 pç - PVC enc.,56.67,10%,62.34,759
402,Varal de numerais e quantidades - Fauna brasileira,122.91,10%,135.20,782
355,Varal tabuada - EVA - 9 pç - Emb. plást.,136.15,10%,149.77,481
1414,Vira os personagens - MDF - 16 pç - Cx. mad.,40.37,10%,44.41,612
1092,Viso motor - MDF - 50 pç - Cx. mad.,75.12,10%,82.63,526
